date,epiweek,region,ili,wili,num_ili,num_patients,num_providers
2010-01-09,201001,nat,1.98283823623218,1.90711760430302,14299,721138,1996
2010-01-16,201002,nat,1.82748623353375,1.86737529968374,14088,770895,2016
2010-01-23,201003,nat,1.92605625070969,1.88072330631514,14757,766177,2053
2010-01-30,201004,nat,1.92494717278953,1.96908433236079,15122,785580,2026
2010-02-06,201005,nat,2.0887684250423,2.11386811062075,16037,767773,1996
2010-02-13,201006,nat,2.03434082648651,2.09694583121344,15381,756068,1977
2010-02-20,201007,nat,1.97649460514715,1.90294345645018,15065,762208,1954
2010-02-27,201008,nat,1.99361774638287,1.96951462278194,16087,806925,1990
2010-03-06,201009,nat,1.85382596354543,1.92331036712421,14486,781411,1953
2010-03-13,201010,nat,1.86730358448397,1.89658616483482,14354,768702,1946
2010-03-20,201011,nat,1.69986766366336,1.75180555050134,12601,741293,1933
2010-03-27,201012,nat,1.49740820329748,1.52631922263178,11191,747358,1917
2010-04-03,201013,nat,1.45111877208932,1.49571988362904,10359,713863,1875
2010-04-10,201014,nat,1.20714782732567,1.22313021684613,8813,730068,1850
2010-04-17,201015,nat,1.1741508052025,1.17754240902,8801,749563,1831
2010-04-24,201016,nat,1.16206676116624,1.09111851417293,8362,719580,1765
2010-05-01,201017,nat,1.17213431214881,1.11957937083649,8440,720054,1755
2010-05-08,201018,nat,1.12167653365951,1.08168511952067,7914,705551,1710
2010-05-15,201019,nat,1.14981162628807,1.12497482672273,7697,669414,1664
2010-05-22,201020,nat,1.13327579756352,1.0619697897527,7603,670887,1624
2010-05-29,201021,nat,1.08171331519166,1.08908766932167,6853,633532,1497
2010-06-05,201022,nat,1.19958601095361,1.17760142013009,6595,549773,1421
2010-06-12,201023,nat,0.95280825954795,0.974930395182935,5755,604004,1435
2010-06-19,201024,nat,0.916032112818763,0.987131780132296,5316,580329,1405
2010-06-26,201025,nat,0.926582172934212,0.99599053755025,5334,575664,1384
2010-07-03,201026,nat,0.869619711871655,0.904726272396402,4718,542536,1347
2010-07-10,201027,nat,0.903133146199371,0.941927007840111,4691,519414,1353
2010-07-17,201028,nat,0.773775692770479,0.880415229455867,4234,547187,1284
2010-07-24,201029,nat,0.742774403429925,0.842614661882896,3950,531790,1265
2010-07-31,201030,nat,0.730934475995922,0.858382365250436,3850,526723,1250
2010-08-07,201031,nat,0.786881828762007,0.833830394847588,4077,518121,1241
2010-08-14,201032,nat,0.763050679663405,0.847436542815637,4008,525260,1212
2010-08-21,201033,nat,0.841043206314339,0.888273269260976,4518,537190,1225
2010-08-28,201034,nat,0.791572794251964,0.76537228790335,4420,558382,1235
2010-09-04,201035,nat,0.912731760403811,0.91858044292525,5007,548573,1170
2010-09-11,201036,nat,1.03397647058824,1.01431787184839,5493,531250,1198
2010-09-18,201037,nat,0.934009119726069,1.01232561233888,5510,589930,1210
2010-09-25,201038,nat,1.08188875532238,1.11803281725652,6741,623077,1206
2010-10-02,201039,nat,1.06562601148547,1.11805942184768,6387,599366,1254
2010-10-09,201040,nat,1.13505,1.10939,8473,746485,1838
2010-10-16,201041,nat,1.25256,1.24341,9347,746230,1875
2010-10-23,201042,nat,1.2457,1.25726,9684,777397,1907
2010-10-30,201043,nat,1.26774,1.25734,9904,781234,1929
2010-11-06,201044,nat,1.43723,1.43414,11020,766753,1947
2010-11-13,201045,nat,1.53341,1.51838,11807,769982,1940
2010-11-20,201046,nat,1.69445,1.61617,13336,787038,1921
2010-11-27,201047,nat,1.9915,1.84378,12079,606527,1938
2010-12-04,201048,nat,1.81305,1.72535,13997,772016,1964
2010-12-11,201049,nat,2.01426,1.87923,14958,742606,1936
2010-12-18,201050,nat,2.55659,2.3371,18022,704923,1916
2010-12-25,201051,nat,3.38185,3.03533,19899,588406,1840
2011-01-01,201052,nat,3.43172,3.136,20346,592880,1887
2011-01-08,201101,nat,2.69151,2.53336,20026,744043,1923
2011-01-15,201102,nat,2.91063,2.91288,20721,711908,1921
2011-01-22,201103,nat,3.49232,3.44497,26257,751850,1964
2011-01-29,201104,nat,4.0037,4.16185,31975,798637,1947
2011-02-05,201105,nat,4.43534,4.55159,34284,772974,1970
2011-02-12,201106,nat,4.24215,4.46504,34456,812230,1961
2011-02-19,201107,nat,4.39719,4.55124,36567,831600,1910
2011-02-26,201108,nat,3.90256,4.0822,31277,801449,1908
2011-03-05,201109,nat,3.15073,3.38812,24627,781629,1860
2011-03-12,201110,nat,2.72422,2.99142,20377,747993,1829
2011-03-19,201111,nat,2.33336,2.61542,17309,741807,1823
2011-03-26,201112,nat,1.925,2.09065,14031,728883,1790
2011-04-02,201113,nat,1.75243,1.86146,12957,739375,1770
2011-04-09,201114,nat,1.57704,1.61377,11498,729089,1723
2011-04-16,201115,nat,1.35766,1.42199,9391,691707,1681
2011-04-23,201116,nat,1.31223,1.3382,8695,662612,1651
2011-04-30,201117,nat,1.14937,1.19995,7830,681240,1612
2011-05-07,201118,nat,1.11451,1.14889,7307,655627,1585
2011-05-14,201119,nat,1.10984,1.12194,7236,651983,1556
2011-05-21,201120,nat,1.0524,1.06712,6530,620485,1516
2011-05-28,201121,nat,1.03536,1.05058,6072,586460,1381
2011-06-04,201122,nat,1.11777,1.15203,5946,531954,1357
2011-06-11,201123,nat,0.982949,0.970975,5547,564322,1296
2011-06-18,201124,nat,0.925194,0.894683,4989,539238,1279
2011-06-25,201125,nat,0.835531,0.843568,4448,532356,1251
2011-07-02,201126,nat,0.832393,0.815409,4218,506732,1225
2011-07-09,201127,nat,0.855591,0.823052,4009,468565,1211
2011-07-16,201128,nat,0.706949,0.674635,3721,526346,1220
2011-07-23,201129,nat,0.694387,0.631883,3597,518011,1203
2011-07-30,201130,nat,0.687976,0.641513,3538,514262,1179
2011-08-06,201131,nat,0.644743,0.529813,3202,496632,1175
2011-08-13,201132,nat,0.67533,0.644089,3523,521671,1175
2011-08-20,201133,nat,0.72823,0.667718,3874,531975,1191
2011-08-27,201134,nat,0.806526,0.705668,4444,551005,1195
2011-09-03,201135,nat,0.860408,0.804155,4717,548228,1200
2011-09-10,201136,nat,0.936075,0.907804,4813,514168,1184
2011-09-17,201137,nat,0.966683,1.00555,5567,575887,1196
2011-09-24,201138,nat,0.996007,1.03601,5822,584534,1201
2011-10-01,201139,nat,1.10846,1.07583,6708,605162,1213
2011-10-08,201140,nat,1.20345,1.16092,9365,778182,1850
2011-10-15,201141,nat,1.23777,1.19785,9803,791987,1883
2011-10-22,201142,nat,1.25259,1.27926,9958,794995,1905
2011-10-29,201143,nat,1.30546,1.29194,10298,788840,1900
2011-11-05,201144,nat,1.45295,1.42824,11396,784334,1925
2011-11-12,201145,nat,1.44089,1.39803,11496,797839,1946
2011-11-19,201146,nat,1.46221,1.45831,11721,801594,1900
2011-11-26,201147,nat,1.65573,1.56548,10377,626731,1918
2011-12-03,201148,nat,1.46606,1.34313,11479,782984,1904
2011-12-10,201149,nat,1.51811,1.48139,11187,736905,1898
2011-12-17,201150,nat,1.66429,1.63398,12137,729258,1872
2011-12-24,201151,nat,1.85274,1.83126,11958,645424,1851
2011-12-31,201152,nat,2.12413,2.10451,12356,581697,1821
2012-01-07,201201,nat,1.76709,1.73625,11992,678631,1891
2012-01-14,201202,nat,1.5434,1.55066,11543,747894,1883
2012-01-21,201203,nat,1.64762,1.62891,11939,724623,1887
2012-01-28,201204,nat,1.6843,1.76038,13209,784244,1891
2012-02-04,201205,nat,1.86354,1.92728,14448,775298,1885
2012-02-11,201206,nat,1.86408,1.91994,14624,784516,1875
2012-02-18,201207,nat,2.01839,2.09951,15929,789193,1884
2012-02-25,201208,nat,2.10385,2.23973,16137,767022,1853
2012-03-03,201209,nat,2.09555,2.21921,16518,788242,1826
2012-03-10,201210,nat,2.10398,2.16693,15763,749198,1816
2012-03-17,201211,nat,2.2941,2.38913,17150,747570,1819
2012-03-24,201212,nat,1.92223,1.96466,14524,755579,1780
2012-03-31,201213,nat,1.74239,1.84229,13017,747079,1753
2012-04-07,201214,nat,1.67601,1.68674,11930,711808,1729
2012-04-14,201215,nat,1.49637,1.53136,10732,717202,1707
2012-04-21,201216,nat,1.38202,1.37912,10123,732480,1699
2012-04-28,201217,nat,1.28926,1.29515,9370,726772,1675
2012-05-05,201218,nat,1.35803,1.39521,8999,662649,1564
2012-05-12,201219,nat,1.30833,1.32522,8576,655492,1546
2012-05-19,201220,nat,1.26692,1.23059,8062,636347,1503
2012-05-26,201221,nat,1.27731,1.23028,7878,616765,1415
2012-06-02,201222,nat,1.2991,1.26877,7153,550614,1409
2012-06-09,201223,nat,1.16297,1.10782,6765,581700,1365
2012-06-16,201224,nat,1.08612,1.09559,6133,564670,1289
2012-06-23,201225,nat,1.0568,1.11031,6048,572296,1295
2012-06-30,201226,nat,1.07871,1.10616,5786,536380,1260
2012-07-07,201227,nat,1.04662,1.10816,5291,505533,1271
2012-07-14,201228,nat,0.928152,0.999444,5185,558637,1240
2012-07-21,201229,nat,0.901936,0.924199,4931,546713,1223
2012-07-28,201230,nat,0.915356,0.949257,5103,557488,1250
2012-08-04,201231,nat,0.952548,0.978903,5159,541600,1240
2012-08-11,201232,nat,0.916661,0.925024,5026,548294,1248
2012-08-18,201233,nat,0.901787,0.848456,5051,560110,1238
2012-08-25,201234,nat,1.03315,1.04451,6141,594395,1238
2012-09-01,201235,nat,1.05238,1.0986,6318,600354,1238
2012-09-08,201236,nat,1.12713,1.22071,6296,558585,1242
2012-09-15,201237,nat,1.1866,1.24976,7382,622114,1252
2012-09-22,201238,nat,1.21415,1.22892,7656,630563,1268
2012-09-29,201239,nat,1.25198,1.29393,7807,623572,1248
2012-10-06,201240,nat,1.20559,1.23034,9395,779285,1932
2012-10-13,201241,nat,1.31929,1.3278,10158,769959,1940
2012-10-20,201242,nat,1.32737,1.33995,10585,797444,1968
2012-10-27,201243,nat,1.36688,1.37842,10913,798388,1958
2012-11-03,201244,nat,1.50535,1.50085,11061,734781,1929
2012-11-10,201245,nat,1.61273,1.65163,12674,785871,1974
2012-11-17,201246,nat,1.75208,1.76746,13623,777534,1966
2012-11-24,201247,nat,2.33365,2.30609,14650,627772,1968
2012-12-01,201248,nat,2.2268,2.16324,18521,831730,2006
2012-12-08,201249,nat,2.97657,2.83038,24877,835762,2006
2012-12-15,201250,nat,3.62552,3.43761,29432,811800,1977
2012-12-22,201251,nat,4.5532,4.30554,34332,754019,1908
2012-12-29,201252,nat,6.02598,6.06082,36588,607171,1905
2013-01-05,201301,nat,4.96368,4.64931,34103,687051,1982
2013-01-12,201302,nat,4.69072,4.32584,39896,850531,1995
2013-01-19,201303,nat,4.70473,4.51113,39441,838326,2008
2013-01-26,201304,nat,4.1646,4.2171,32426,778610,1978
2013-02-02,201305,nat,3.69533,3.78956,29808,806640,1963
2013-02-09,201306,nat,3.2363,3.29206,24987,772086,1931
2013-02-16,201307,nat,2.89421,3.0197,22321,771229,1926
2013-02-23,201308,nat,2.71742,2.71499,20519,755092,1940
2013-03-02,201309,nat,2.52297,2.4845,19231,762238,1893
2013-03-09,201310,nat,2.55227,2.57808,18829,737736,1884
2013-03-16,201311,nat,2.43225,2.39237,17392,715059,1846
2013-03-23,201312,nat,2.10851,2.06778,15254,723449,1825
2013-03-30,201313,nat,1.94725,1.90281,13714,704276,1811
2013-04-06,201314,nat,1.74859,1.65902,12273,701881,1769
2013-04-13,201315,nat,1.49713,1.43006,10818,722583,1742
2013-04-20,201316,nat,1.32313,1.27757,9188,694415,1732
2013-04-27,201317,nat,1.22647,1.19009,8589,700300,1711
2013-05-04,201318,nat,1.19614,1.09556,7986,667648,1675
2013-05-11,201319,nat,1.19049,1.08589,7704,647130,1630
2013-05-18,201320,nat,1.17426,1.07343,7317,623114,1582
2013-05-25,201321,nat,1.13342,1.01677,6589,581338,1489
2013-06-01,201322,nat,1.14306,1.04847,6190,541528,1486
2013-06-08,201323,nat,1.00881,0.920349,5638,558875,1421
2013-06-15,201324,nat,1.02358,0.920779,5539,541138,1419
2013-06-22,201325,nat,1.00138,0.904333,5474,546643,1405
2013-06-29,201326,nat,0.909498,0.83057,4915,540408,1389
2013-07-06,201327,nat,0.950042,0.862837,4506,474295,1357
2013-07-13,201328,nat,0.829299,0.732182,4510,543833,1362
2013-07-20,201329,nat,0.802109,0.724558,4186,521874,1341
2013-07-27,201330,nat,0.806333,0.740848,4233,524969,1325
2013-08-03,201331,nat,0.796937,0.726037,3886,487617,1290
2013-08-10,201332,nat,0.779136,0.755639,4075,523015,1299
2013-08-17,201333,nat,0.797653,0.761847,4168,522533,1276
2013-08-24,201334,nat,0.825485,0.779896,4317,522965,1265
2013-08-31,201335,nat,0.935469,0.899138,5053,540157,1260
2013-09-07,201336,nat,1.04345,0.999524,5626,539175,1317
2013-09-14,201337,nat,1.09107,1.0558,6374,584196,1307
2013-09-21,201338,nat,1.20108,1.0967,7110,591969,1290
2013-09-28,201339,nat,1.26179,1.24709,7963,631088,1364
2013-10-05,201340,nat,1.13249,1.15746,9677,854487,1960
2013-10-12,201341,nat,1.21121,1.27184,10420,860298,1990
2013-10-19,201342,nat,1.25682,1.31623,10658,848016,2018
2013-10-26,201343,nat,1.37097,1.37444,12036,877917,2027
2013-11-02,201344,nat,1.42956,1.46781,12502,874537,2028
2013-11-09,201345,nat,1.53588,1.5834,13498,878845,2017
2013-11-16,201346,nat,1.60267,1.60253,13927,868987,2054
2013-11-23,201347,nat,1.73267,1.72344,15168,875411,2012
2013-11-30,201348,nat,2.09858,2.11076,13975,665926,2042
2013-12-07,201349,nat,2.21374,2.1708,18920,854664,2055
2013-12-14,201350,nat,2.41674,2.36971,19398,802651,2054
2013-12-21,201351,nat,3.03071,3.15997,24697,814891,2009
2013-12-28,201352,nat,4.38724,4.59053,26988,615148,2007
2014-01-04,201401,nat,4.2112,4.28195,28654,680424,2033
2014-01-11,201402,nat,3.46492,3.56288,28147,812343,2059
2014-01-18,201403,nat,3.31698,3.36378,28370,855297,2049
2014-01-25,201404,nat,3.2407,3.39659,25502,786928,2062
2014-02-01,201405,nat,2.88598,3.11922,23484,813726,2051
2014-02-08,201406,nat,2.62172,2.83572,21085,804244,2051
2014-02-15,201407,nat,2.34067,2.48484,18195,777340,2018
2014-02-22,201408,nat,2.12059,2.2741,17234,812700,2025
2014-03-01,201409,nat,1.91094,2.07244,15914,832786,1978
2014-03-08,201410,nat,1.9023,1.98207,15044,790831,1944
2014-03-15,201411,nat,1.76619,1.82441,14024,794024,1904
2014-03-22,201412,nat,1.85791,1.82036,14926,803374,1922
2014-03-29,201413,nat,1.82094,1.75391,14661,805133,1887
2014-04-05,201414,nat,1.83453,1.74542,14637,797863,1866
2014-04-12,201415,nat,1.75446,1.67236,14206,809707,1845
2014-04-19,201416,nat,1.51636,1.51659,11723,773101,1810
2014-04-26,201417,nat,1.40334,1.44778,10814,770592,1771
2014-05-03,201418,nat,1.2593,1.29028,9648,766139,1746
2014-05-10,201419,nat,1.32482,1.37388,9775,737834,1714
2014-05-17,201420,nat,1.27576,1.34208,9033,708049,1660
2014-05-24,201421,nat,1.29483,1.34563,8797,679395,1570
2014-05-31,201422,nat,1.2261,1.21291,7658,624582,1554
2014-06-07,201423,nat,1.14538,1.19291,7229,631143,1461
2014-06-14,201424,nat,1.0678,1.14146,6783,635233,1461
2014-06-21,201425,nat,1.07269,1.06503,6369,593740,1392
2014-06-28,201426,nat,1.01298,1.12669,6038,596063,1411
2014-07-05,201427,nat,0.994705,0.947353,5352,538049,1388
2014-07-12,201428,nat,0.880862,0.944187,5295,601116,1394
2014-07-19,201429,nat,0.858173,0.934822,5083,592305,1376
2014-07-26,201430,nat,0.805152,0.81736,4765,591814,1372
2014-08-02,201431,nat,0.818781,0.852792,4942,603580,1378
2014-08-09,201432,nat,0.783735,0.746994,4744,605307,1382
2014-08-16,201433,nat,0.848703,0.761098,4980,586778,1369
2014-08-23,201434,nat,0.834146,0.767627,5305,635980,1371
2014-08-30,201435,nat,0.905981,0.862176,5799,640080,1353
2014-09-06,201436,nat,1.04506,0.984907,6050,578913,1352
2014-09-13,201437,nat,1.16816,1.16287,8130,695966,1401
2014-09-20,201438,nat,1.27649,1.22731,8888,696282,1405
2014-09-27,201439,nat,1.29758,1.2071,8874,683887,1407
2014-10-04,201440,nat,1.20612,1.16191,10150,841540,1937
2014-10-11,201441,nat,1.32485,1.30905,10977,828544,1960
2014-10-18,201442,nat,1.41192,1.37072,11941,845727,2000
2014-10-25,201443,nat,1.42547,1.43373,12292,862314,2008
2014-11-01,201444,nat,1.43909,1.42791,12313,855608,2053
2014-11-08,201445,nat,1.61532,1.61605,13853,857601,2058
2014-11-15,201446,nat,1.66473,1.65976,14062,844700,1997
2014-11-22,201447,nat,2.0058,2.05459,16674,831289,2058
2014-11-29,201448,nat,2.62227,2.53541,17602,671251,2067
2014-12-06,201449,nat,2.60749,2.54253,22905,878430,2097
2014-12-13,201450,nat,3.4178,3.60563,29172,853532,2069
2014-12-20,201451,nat,4.46555,4.90976,37382,837119,2016
2014-12-27,201452,nat,6.11497,5.98221,40533,662849,1984
2015-01-03,201453,nat,5.30979,5.47421,36891,694773,1983
2015-01-10,201501,nat,4.07898,4.21374,31483,771835,1958
2015-01-17,201502,nat,3.93762,4.21022,31204,792459,1971
2015-01-24,201503,nat,4.15076,4.25968,33221,800359,1966
2015-01-31,201504,nat,3.87899,3.97761,30621,789407,1955
2015-02-07,201505,nat,3.45794,3.63443,28151,814097,1950
2015-02-14,201506,nat,3.06359,3.26527,25218,823153,1917
2015-02-21,201507,nat,2.82646,2.93083,21109,746836,1907
2015-02-28,201508,nat,2.3599,2.54474,19178,812660,1934
2015-03-07,201509,nat,2.33472,2.47227,18441,789858,1912
2015-03-14,201510,nat,2.21286,2.35665,17833,805881,1907
2015-03-21,201511,nat,2.07619,2.17008,16695,804117,1883
2015-03-28,201512,nat,2.01267,2.04297,16122,801027,1848
2015-04-04,201513,nat,1.94192,1.954,14975,771143,1819
2015-04-11,201514,nat,1.74809,1.72287,13733,785602,1820
2015-04-18,201515,nat,1.50367,1.53694,12044,800974,1813
2015-04-25,201516,nat,1.43494,1.38283,10860,756827,1768
2015-05-02,201517,nat,1.45673,1.46265,11095,761638,1753
2015-05-09,201518,nat,1.42836,1.38934,10694,748690,1735
2015-05-16,201519,nat,1.35297,1.3468,9671,714799,1688
2015-05-23,201520,nat,1.33093,1.25452,9024,678023,1622
2015-05-30,201521,nat,1.28422,1.21636,7913,616171,1579
2015-06-06,201522,nat,1.13889,1.16734,6946,609891,1505
2015-06-13,201523,nat,1.10343,1.04654,6744,611184,1455
2015-06-20,201524,nat,0.970748,0.943661,5850,602628,1459
2015-06-27,201525,nat,0.998681,0.935046,5913,592081,1445
2015-07-04,201526,nat,0.978057,0.934726,5232,534938,1417
2015-07-11,201527,nat,0.866431,0.864118,5116,590468,1428
2015-07-18,201528,nat,0.827757,0.806535,4870,588337,1411
2015-07-25,201529,nat,0.797572,0.742747,4626,580010,1401
2015-08-01,201530,nat,0.811221,0.737859,4605,567663,1352
2015-08-08,201531,nat,0.821165,0.743224,4753,578812,1364
2015-08-15,201532,nat,0.819435,0.805251,4750,579668,1340
2015-08-22,201533,nat,0.848041,0.816943,5173,609994,1356
2015-08-29,201534,nat,0.888524,0.814518,5648,635661,1362
2015-09-05,201535,nat,0.962826,0.86067,5963,619323,1354
2015-09-12,201536,nat,1.02252,0.886704,5970,583853,1349
2015-09-19,201537,nat,1.08392,1.00845,7062,651524,1369
2015-09-26,201538,nat,1.17724,1.06625,7704,654414,1367
2015-10-03,201539,nat,1.1716,1.05995,7626,650904,1332
2015-10-10,201540,nat,1.24325,1.22559,10049,808287,1963
2015-10-17,201541,nat,1.3234,1.31066,10715,809660,1976
2015-10-24,201542,nat,1.40399,1.3711,11584,825079,1995
2015-10-31,201543,nat,1.37629,1.39171,11164,811165,1999
2015-11-07,201544,nat,1.46866,1.43712,12423,845875,2048
2015-11-14,201545,nat,1.533,1.50165,12676,826877,2028
2015-11-21,201546,nat,1.60841,1.59805,13484,838344,2023
2015-11-28,201547,nat,1.90047,1.89668,12158,639738,2000
2015-12-05,201548,nat,1.73645,1.67728,14617,841777,2040
2015-12-12,201549,nat,1.81945,1.78296,14986,823657,2020
2015-12-19,201550,nat,1.96571,1.87336,15396,783227,2000
2015-12-26,201551,nat,2.42021,2.32148,14839,613128,1978
2016-01-02,201552,nat,2.41083,2.40991,15679,650356,1949
2016-01-09,201601,nat,1.98859,1.94328,15654,787192,2004
2016-01-16,201602,nat,1.98985,1.99796,15517,779809,2005
2016-01-23,201603,nat,2.1071,2.11829,15661,743249,2008
2016-01-30,201604,nat,2.19256,2.25112,18143,827482,2026
2016-02-06,201605,nat,2.30014,2.37116,18944,823602,2007
2016-02-13,201606,nat,2.67574,2.80035,21774,813755,2000
2016-02-20,201607,nat,3.02427,3.16475,24681,816098,1993
2016-02-27,201608,nat,3.11328,3.15183,26423,848718,1956
2016-03-05,201609,nat,3.32788,3.3321,28468,855439,1952
2016-03-12,201610,nat,3.5918,3.56024,30481,848628,1922
2016-03-19,201611,nat,3.09262,3.05479,24894,804948,1898
2016-03-26,201612,nat,2.78803,2.76732,21940,786936,1900
2016-04-02,201613,nat,2.52371,2.44161,19603,776752,1832
2016-04-09,201614,nat,2.12928,2.03348,16769,787543,1813
2016-04-16,201615,nat,2.05142,1.98593,16261,792672,1805
2016-04-23,201616,nat,1.98957,1.91514,15437,775895,1774
2016-04-30,201617,nat,1.7858,1.69968,13836,774777,1759
2016-05-07,201618,nat,1.60144,1.57635,11870,741210,1742
2016-05-14,201619,nat,1.4743,1.3935,10707,726244,1690
2016-05-21,201620,nat,1.42286,1.29941,9798,688612,1626
2016-05-28,201621,nat,1.38196,1.18379,8787,635835,1439
2016-06-04,201622,nat,1.33712,1.13723,7997,598077,1482
2016-06-11,201623,nat,1.13894,1.04118,7201,632252,1446
2016-06-18,201624,nat,1.09641,0.971814,6768,617287,1440
2016-06-25,201625,nat,0.999559,0.863306,6024,602666,1402
2016-07-02,201626,nat,0.99095,0.833797,5686,573793,1382
2016-07-09,201627,nat,0.931253,0.784516,5118,549582,1379
2016-07-16,201628,nat,0.843118,0.734327,5078,602288,1392
2016-07-23,201629,nat,0.840286,0.698845,5044,600272,1388
2016-07-30,201630,nat,0.830065,0.723099,4925,593327,1393
2016-08-06,201631,nat,0.790428,0.663501,4596,581457,1360
2016-08-13,201632,nat,0.830826,0.69276,4868,585923,1329
2016-08-20,201633,nat,0.856796,0.710029,5265,614499,1345
2016-08-27,201634,nat,1.00746,0.834232,6260,621362,1356
2016-09-03,201635,nat,1.05868,0.992621,6504,614349,1354
2016-09-10,201636,nat,1.10028,1.01605,6623,601938,1347
2016-09-17,201637,nat,1.1457,1.07169,7639,666755,1365
2016-09-24,201638,nat,1.2189,1.10163,8229,675119,1363
2016-10-01,201639,nat,1.31113,1.18841,8505,648678,1389
2016-10-08,201640,nat,1.25626,1.19763,10920,869249,1956
2016-10-15,201641,nat,1.29218,1.22887,10997,851042,1977
2016-10-22,201642,nat,1.33024,1.26723,11926,896532,1986
2016-10-29,201643,nat,1.42562,1.36226,12648,887194,2008
2016-11-05,201644,nat,1.56991,1.48468,13790,878396,2001
2016-11-12,201645,nat,1.65029,1.55838,14258,863967,1993
2016-11-19,201646,nat,1.73187,1.64639,15160,875353,2002
2016-11-26,201647,nat,2.03348,1.91196,14208,698702,2013
2016-12-03,201648,nat,1.88027,1.81129,16605,883118,2005
2016-12-10,201649,nat,2.00307,1.91669,16976,847500,2018
2016-12-17,201650,nat,2.27465,2.20671,18463,811687,2005
2016-12-24,201651,nat,2.9137,2.73096,21570,740295,1982
2016-12-31,201652,nat,3.54769,3.36152,24900,701866,1931
2017-01-07,201701,nat,3.07969,3.09232,24178,785080,2028
2017-01-14,201702,nat,3.02096,3.07623,24904,824374,2001
2017-01-21,201703,nat,3.40075,3.50708,28759,845666,2033
2017-01-28,201704,nat,3.53148,3.79872,31221,884076,2024
2017-02-04,201705,nat,4.04671,4.43601,36510,902215,2029
2017-02-11,201706,nat,4.75345,5.06094,42890,902292,2030
2017-02-18,201707,nat,4.65322,4.85988,41098,883216,1973
2017-02-25,201708,nat,4.56893,4.57809,40124,878193,1990
2017-03-04,201709,nat,3.45379,3.55555,30183,873909,1998
2017-03-11,201710,nat,3.29578,3.50492,28051,851118,1973
2017-03-18,201711,nat,3.16311,3.21406,25484,805664,1961
2017-03-25,201712,nat,3.1402,3.09854,27371,871632,1943
2017-04-01,201713,nat,2.88096,2.79765,24375,846072,1904
2017-04-08,201714,nat,2.36989,2.38646,19684,830587,1910
2017-04-15,201715,nat,1.93539,1.96699,15552,803557,1865
2017-04-22,201716,nat,1.6406,1.73523,13012,793124,1850
2017-04-29,201717,nat,1.47817,1.5635,11955,808770,1850
2017-05-06,201718,nat,1.36819,1.4041,10763,786659,1800
2017-05-13,201719,nat,1.33856,1.27729,10188,761114,1770
2017-05-20,201720,nat,1.34625,1.28245,9809,728618,1749
2017-05-27,201721,nat,1.26487,1.16589,8564,677064,1617
2017-06-03,201722,nat,1.25688,1.10922,7757,617165,1572
2017-06-10,201723,nat,1.15799,1.04387,7558,652681,1498
2017-06-17,201724,nat,1.04831,0.905089,6636,633019,1472
2017-06-24,201725,nat,0.988607,0.900337,6264,633619,1502
2017-07-01,201726,nat,0.961605,0.859539,5596,581944,1424
2017-07-08,201727,nat,0.955645,0.818831,5326,557320,1461
2017-07-15,201728,nat,0.82743,0.752503,4961,599567,1410
2017-07-22,201729,nat,0.814071,0.7372,4764,585207,1403
2017-07-29,201730,nat,0.818115,0.733096,4880,596493,1382
2017-08-05,201731,nat,0.829757,0.73102,4899,590414,1393
2017-08-12,201732,nat,0.828501,0.688338,4915,593240,1390
2017-08-19,201733,nat,0.885896,0.732049,5230,590363,1351
2017-08-26,201734,nat,1.05599,0.911641,6682,632771,1382
2017-09-02,201735,nat,1.11768,1.02105,7133,638196,1371
2017-09-09,201736,nat,1.13843,1.09335,7073,621296,1386
2017-09-16,201737,nat,1.13416,1.09515,8317,733316,1486
2017-09-23,201738,nat,1.17508,1.09699,8566,728970,1487
2017-09-30,201739,nat,1.23773,1.18823,9079,733519,1470
2017-10-07,201740,nat,1.2802,1.26589,12839,1002892,2220
2017-10-14,201741,nat,1.33123,1.30479,13267,996595,2245
2017-10-21,201742,nat,1.40786,1.34075,14319,1017076,2266
2017-10-28,201743,nat,1.5722,1.51674,15832,1006998,2266
2017-11-04,201744,nat,1.70326,1.74583,17069,1002140,2222
2017-11-11,201745,nat,1.86636,1.88708,19057,1021079,2288
2017-11-18,201746,nat,2.07647,2.05923,21892,1054290,2296
2017-11-25,201747,nat,2.33593,2.27971,19816,848314,2271
2017-12-02,201748,nat,2.24637,2.28379,23752,1057350,2279
2017-12-09,201749,nat,2.49504,2.58278,24955,1000183,2272
2017-12-16,201750,nat,3.2005,3.36558,31502,984283,2262
2017-12-23,201751,nat,4.43807,4.73117,42782,963978,2211
2017-12-30,201752,nat,5.46361,5.70943,45255,828299,2132
2018-01-06,201801,nat,5.35765,5.74658,47269,882271,2243
2018-01-13,201802,nat,5.52437,5.89207,56761,1027466,2257
2018-01-20,201803,nat,6.34528,6.51759,63036,993431,2286
2018-01-27,201804,nat,7.01811,7.16338,77326,1101807,2288
2018-02-03,201805,nat,7.7809,7.52133,85985,1105078,2275
2018-02-10,201806,nat,7.76939,7.38748,87825,1130397,2299
2018-02-17,201807,nat,6.81176,6.44688,76210,1118800,2227
2018-02-24,201808,nat,5.15749,4.95881,53025,1028116,2272
2018-03-03,201809,nat,3.55945,3.68612,36064,1013191,2208
2018-03-10,201810,nat,3.00518,3.18626,29133,969427,2214
2018-03-17,201811,nat,2.73038,2.76894,25938,949978,2201
2018-03-24,201812,nat,2.47768,2.48706,23805,960779,2180
2018-03-31,201813,nat,2.36314,2.40802,20693,875658,2144
2018-04-07,201814,nat,2.03139,2.07483,19074,938963,2127
2018-04-14,201815,nat,1.80376,1.77898,16664,923848,2086
2018-04-21,201816,nat,1.58696,1.61487,14869,936950,2112
2018-04-28,201817,nat,1.53801,1.5385,14552,946160,2088
2018-05-05,201818,nat,1.44974,1.52612,13291,916783,2018
2018-05-12,201819,nat,1.27729,1.28847,11619,909661,1933
2018-05-19,201820,nat,1.22051,1.18344,11066,906668,1977
2018-05-26,201821,nat,1.23235,1.24919,10646,863879,1896
2018-06-02,201822,nat,1.223,1.14131,9608,785606,1802
2018-06-09,201823,nat,1.0473,0.9878,8693,830040,1798
2018-06-16,201824,nat,0.978113,0.895565,7573,774246,1753
2018-06-23,201825,nat,0.947548,0.892204,7373,778114,1773
2018-06-30,201826,nat,0.867554,0.877184,6947,800757,1736
2018-07-07,201827,nat,0.82328,0.780203,6258,760130,1780
2018-07-14,201828,nat,0.771497,0.725075,6501,842647,1785
2018-07-21,201829,nat,0.706819,0.68247,5786,818597,1748
2018-07-28,201830,nat,0.685155,0.640393,5497,802300,1741
2018-08-04,201831,nat,0.687351,0.639127,5612,816468,1724
2018-08-11,201832,nat,0.735733,0.705637,5861,796621,1690
2018-08-18,201833,nat,0.806048,0.707801,6537,810994,1725
2018-08-25,201834,nat,0.944013,0.822659,7323,775731,1610
2018-09-01,201835,nat,0.960101,0.859864,8111,844807,1681
2018-09-08,201836,nat,1.14128,1.10083,9530,835027,1710
2018-09-15,201837,nat,1.14784,1.15323,10065,876862,1708
2018-09-22,201838,nat,1.31156,1.20178,11189,853109,1684
2018-09-29,201839,nat,1.26102,1.2498,11767,933130,1710
2018-10-06,201840,nat,1.41974,1.41876,17975,1266076,2611
2018-10-13,201841,nat,1.473,1.40077,18652,1266257,2651
2018-10-20,201842,nat,1.58968,1.47139,19948,1254844,2623
2018-10-27,201843,nat,1.72208,1.63634,21634,1256271,2678
2018-11-03,201844,nat,1.84114,1.79125,23169,1258405,2666
2018-11-10,201845,nat,1.92692,1.86871,24085,1249921,2672
2018-11-17,201846,nat,2.0852,1.98121,24419,1171062,2665
2018-11-24,201847,nat,2.40063,2.23487,24635,1026187,2618
2018-12-01,201848,nat,2.24479,2.14572,29096,1296156,2666
2018-12-08,201849,nat,2.29962,2.25134,28377,1233986,2658
2018-12-15,201850,nat,2.73181,2.6411,33113,1212127,2650
2018-12-22,201851,nat,3.24012,3.13478,38260,1180820,2596
2018-12-29,201852,nat,4.18077,3.96538,44012,1052725,2581
2019-01-05,201901,nat,3.63095,3.45972,42135,1160440,2630
2019-01-12,201902,nat,3.13643,3.07558,38815,1237552,2656
2019-01-19,201903,nat,3.36213,3.3258,41199,1225384,2658
2019-01-26,201904,nat,3.88115,3.79773,46241,1191426,2677
2019-02-02,201905,nat,4.52235,4.34227,55264,1222020,2668
2019-02-09,201906,nat,5.20091,4.86953,69732,1340765,2673
2019-02-16,201907,nat,5.42034,5.03689,70056,1292464,2655
2019-02-23,201908,nat,5.27078,4.8812,66461,1260932,2655
2019-03-02,201909,nat,4.58991,4.54791,58802,1281115,2658
2019-03-09,201910,nat,4.39714,4.3762,55431,1260615,2637
2019-03-16,201911,nat,4.12777,4.22692,53177,1288273,2646
2019-03-23,201912,nat,3.50278,3.68251,45668,1303765,2653
2019-03-30,201913,nat,3.04819,3.08559,37948,1244935,2619
2019-04-06,201914,nat,2.67984,2.69831,32941,1229217,2620
2019-04-13,201915,nat,2.26612,2.28676,27854,1229148,2568
2019-04-20,201916,nat,1.96484,2.01217,23147,1178058,2542
2019-04-27,201917,nat,1.72201,1.71323,20610,1196855,2516
2019-05-04,201918,nat,1.5728,1.56678,18864,1199386,2485
2019-05-11,201919,nat,1.45718,1.49827,17107,1173980,2444
2019-05-18,201920,nat,1.50332,1.49961,16459,1094840,2336
2019-05-25,201921,nat,1.40257,1.42123,15763,1123869,2224
2019-06-01,201922,nat,1.40358,1.39258,14776,1052737,2196
2019-06-08,201923,nat,1.23749,1.21697,13451,1086961,2258
2019-06-15,201924,nat,1.12161,1.11266,12106,1079343,2206
2019-06-22,201925,nat,1.01276,0.991888,10695,1056024,2159
2019-06-29,201926,nat,0.959768,0.946401,10027,1044732,2084
2019-07-06,201927,nat,0.878917,0.874695,8722,992358,2154
2019-07-13,201928,nat,0.794181,0.809169,8425,1060841,2111
2019-07-20,201929,nat,0.766394,0.75452,8116,1058986,2154
2019-07-27,201930,nat,0.748613,0.732983,7787,1040191,2140
2019-08-03,201931,nat,0.757116,0.725811,7884,1041320,2151
2019-08-10,201932,nat,0.770094,0.754209,8060,1046625,2167
2019-08-17,201933,nat,0.833506,0.729672,8994,1079056,2200
2019-08-24,201934,nat,0.94034,0.839875,10103,1074399,2170
2019-08-31,201935,nat,1.08197,0.989358,11904,1100212,2193
2019-09-07,201936,nat,1.20216,1.1354,13188,1097022,2217
2019-09-14,201937,nat,1.27291,1.23124,14843,1166071,2247
2019-09-21,201938,nat,1.3881,1.24448,16001,1152730,2224
2019-09-28,201939,nat,1.49515,1.3379,17453,1167311,2211
2019-10-05,201940,nat,1.50284,1.49002,21916,1458307,2912
2019-10-12,201941,nat,1.59764,1.59192,22954,1436748,2942
2019-10-19,201942,nat,1.73931,1.72572,24886,1430800,2966
2019-10-26,201943,nat,1.86039,1.83419,27419,1473831,2997
2019-11-02,201944,nat,2.01412,2.04008,28910,1435369,3005
2019-11-09,201945,nat,2.36364,2.39351,34586,1463253,3022
2019-11-16,201946,nat,2.64428,2.63251,37732,1426928,2991
2019-11-23,201947,nat,2.97387,2.89941,44161,1484969,2987
2019-11-30,201948,nat,3.45389,3.41501,44044,1275199,2993
2019-12-07,201949,nat,3.31281,3.2579,48904,1476208,2995
2019-12-14,201950,nat,3.86928,3.94308,56444,1458774,2958
2019-12-21,201951,nat,5.02613,5.06435,71594,1424436,2926
2019-12-28,201952,nat,7.15315,7.06161,95757,1338669,2917
2020-01-04,202001,nat,6.21936,5.90066,88731,1426691,2970
2020-01-11,202002,nat,5.06711,4.9402,75614,1492251,3002
2020-01-18,202003,nat,5.35768,5.33135,79783,1489132,2995
2020-01-25,202004,nat,6.02274,6.07822,90150,1496826,2997
2020-02-01,202005,nat,6.87271,6.74724,108307,1575900,2995
2020-02-08,202006,nat,7.08558,6.80157,111361,1571657,3005
2020-02-15,202007,nat,6.22068,6.11292,95418,1533883,2969
2020-02-22,202008,nat,5.61968,5.52513,80559,1433517,2984
2020-02-29,202009,nat,5.10268,5.12333,74823,1466346,2947
2020-03-07,202010,nat,5.28928,5.26652,78779,1489410,2913
2020-03-14,202011,nat,6.28745,5.66932,89607,1425172,2847
2020-03-21,202012,nat,7.35285,6.38029,78584,1068755,2810
2020-03-28,202013,nat,6.22687,4.91692,53142,853431,2738
2020-04-04,202014,nat,4.82995,3.78625,36251,750546,2696
2020-04-11,202015,nat,3.47366,2.80122,24974,718953,2698
2020-04-18,202016,nat,2.57391,2.12907,18274,709970,2679
2020-04-25,202017,nat,2.02032,1.73315,15164,750576,2663
2020-05-02,202018,nat,1.6211,1.40939,12821,790883,2635
2020-05-09,202019,nat,1.35218,1.18657,11058,817791,2624
2020-05-16,202020,nat,1.23805,1.11444,10480,846493,2613
2020-05-23,202021,nat,1.07708,1.00711,11416,1059901,2963
2020-05-30,202022,nat,0.887647,0.889878,9605,1082074,2946
2020-06-06,202023,nat,0.820978,0.815858,9318,1134988,2925
2020-06-13,202024,nat,0.814955,0.837779,9572,1174543,2899
2020-06-20,202025,nat,0.951491,0.929189,11866,1247096,2935
2020-06-27,202026,nat,1.20333,1.13871,15490,1287264,2892
2020-07-04,202027,nat,1.38465,1.27591,17826,1287401,2888
2020-07-11,202028,nat,1.47371,1.34978,20043,1360037,2913
2020-07-18,202029,nat,1.43806,1.34436,19250,1338613,2887
2020-07-25,202030,nat,1.21924,1.22126,16523,1355190,2948
2020-08-01,202031,nat,1.1519,1.15381,15514,1346820,2986
2020-08-08,202032,nat,1.05776,1.0649,14103,1333292,2945
2020-08-15,202033,nat,0.980887,0.979173,13131,1338686,2965
2020-08-22,202034,nat,0.959772,0.967664,12900,1344069,2923
2020-08-29,202035,nat,0.972423,1.00158,13138,1351058,2957
2020-09-05,202036,nat,0.915323,0.917339,12232,1336359,2907
2020-09-12,202037,nat,0.97981,1.02954,13001,1326890,2894
2020-09-19,202038,nat,0.956785,0.975797,13005,1359239,2921
2020-09-26,202039,nat,1.0348,1.0586,14457,1397083,2919
2020-10-03,202040,nat,1.07453,1.0872,16570,1542071,3332
2020-10-10,202041,nat,1.18497,1.20898,19194,1619788,3373
2020-10-17,202042,nat,1.09042,1.10874,17281,1584807,3351
2020-10-24,202043,nat,1.14934,1.18588,18187,1582393,3377
2020-10-31,202044,nat,1.1881,1.25,18612,1566538,3471
2020-11-07,202045,nat,1.33548,1.43782,21410,1603163,3470
2020-11-14,202046,nat,1.37797,1.48426,22623,1641763,3436
2020-11-21,202047,nat,1.4268,1.54717,22722,1592518,3376
2020-11-28,202048,nat,1.49601,1.60668,21320,1425127,3378
2020-12-05,202049,nat,1.44878,1.56586,22305,1539568,3382
2020-12-12,202050,nat,1.4297,1.52073,22219,1554103,3400
2020-12-19,202051,nat,1.39828,1.50659,20886,1493692,3340
2020-12-26,202052,nat,1.45723,1.55413,19852,1362314,3343
2021-01-02,202053,nat,1.5383,1.5907,22436,1458493,3322
2021-01-09,202101,nat,1.43493,1.47569,22720,1583355,3358
2021-01-16,202102,nat,1.26364,1.29196,19194,1518947,3332
2021-01-23,202103,nat,1.21094,1.25191,18353,1515597,3356
2021-01-30,202104,nat,1.12256,1.10337,16910,1506379,3367
2021-02-06,202105,nat,1.08197,1.16554,16101,1488119,3337
2021-02-13,202106,nat,0.974818,1.00745,14108,1447245,3288
2021-02-20,202107,nat,0.907497,0.986987,12602,1388655,3297
2021-02-27,202108,nat,0.860475,0.862967,13347,1551120,3318
2021-03-06,202109,nat,0.842691,0.82875,13017,1544694,3319
2021-03-13,202110,nat,0.903419,0.883305,14098,1560517,3325
2021-03-20,202111,nat,0.939582,0.90874,14580,1551754,3268
2021-03-27,202112,nat,0.960224,0.948022,15359,1599523,3242
2021-04-03,202113,nat,0.998001,0.974936,15994,1602603,3301
2021-04-10,202114,nat,1.07813,1.06411,18148,1683278,3323
2021-04-17,202115,nat,1.10911,1.08168,19177,1729037,3324
2021-04-24,202116,nat,1.15017,1.10339,19313,1679142,3290
2021-05-01,202117,nat,1.1826,1.13164,20134,1702520,3303
2021-05-08,202118,nat,1.20847,1.1483,19937,1649771,3272
2021-05-15,202119,nat,1.25476,1.19144,20373,1623653,3255
2021-05-22,202120,nat,1.26333,1.24686,21266,1683332,3233
2021-05-29,202121,nat,1.19113,1.14576,19685,1652632,3184
2021-06-05,202122,nat,1.25152,1.18405,20152,1610198,3182
2021-06-12,202123,nat,1.14539,1.12999,19188,1675241,3148
2021-06-19,202124,nat,1.18507,1.19103,19672,1659980,3107
2021-06-26,202125,nat,1.21019,1.21258,19896,1644041,3093
2021-07-03,202126,nat,1.2128,1.2132,20103,1657572,3092
2021-07-10,202127,nat,1.32915,1.26708,22376,1683488,3094
2021-07-17,202128,nat,1.44259,1.38688,25263,1751226,3103
2021-07-24,202129,nat,1.70922,1.64767,30554,1787598,3102
2021-07-31,202130,nat,1.90931,1.799,35221,1844702,3088
2021-08-07,202131,nat,2.05205,1.94947,37762,1840212,3085
2021-08-14,202132,nat,2.15537,2.03512,40069,1859035,3079
2021-08-21,202133,nat,2.30346,2.19023,42753,1856032,3071
2021-08-28,202134,nat,2.30735,2.23843,43062,1866295,3066
2021-09-04,202135,nat,2.2523,2.26655,40878,1814941,3067
2021-09-11,202136,nat,2.21305,2.21303,39438,1782067,3057
2021-09-18,202137,nat,2.00533,2.04664,36222,1806283,3095
2021-09-25,202138,nat,1.93726,1.9014,34019,1756033,3076
2021-10-02,202139,nat,1.84254,1.84504,30002,1628298,2919
2021-10-09,202140,nat,1.96383,2.03726,39606,2016770,3590
2021-10-16,202141,nat,1.90565,1.94864,37639,1975130,3580
2021-10-23,202142,nat,1.86005,1.92538,35684,1918446,3538
2021-10-30,202143,nat,1.89307,1.9789,36616,1934216,3572
2021-11-06,202144,nat,2.08583,2.1334,39986,1917029,3578
2021-11-13,202145,nat,2.22432,2.25788,44242,1989010,3601
2021-11-20,202146,nat,2.35599,2.41079,47047,1996913,3591
2021-11-27,202147,nat,2.45722,2.51762,43297,1762035,3584
2021-12-04,202148,nat,2.56131,2.55244,52671,2056405,3608
2021-12-11,202149,nat,2.71523,2.72476,55027,2026604,3613
2021-12-18,202150,nat,3.09817,3.14645,62539,2018579,3584
2021-12-25,202151,nat,4.07763,4.00686,79184,1941911,3564
2022-01-01,202152,nat,5.07044,4.90468,113921,2246767,3532
2022-01-08,202201,nat,4.28249,4.32906,93323,2179176,3562
2022-01-15,202202,nat,3.41512,3.5344,69158,2025052,3568
2022-01-22,202203,nat,2.68756,2.82024,48685,1811493,3573
2022-01-29,202204,nat,1.96884,2.06558,34720,1763472,3554
2022-02-05,202205,nat,1.55907,1.68092,25809,1655407,3488
2022-02-12,202206,nat,1.33898,1.44022,23719,1771418,3548
2022-02-19,202207,nat,1.37013,1.48974,23930,1746548,3545
2022-02-26,202208,nat,1.369,1.46266,23620,1725348,3546
2022-03-05,202209,nat,1.42265,1.58728,25789,1812738,3541
2022-03-12,202210,nat,1.54633,1.70339,28073,1815454,3563
2022-03-19,202211,nat,1.6781,1.83335,31342,1867703,3535
2022-03-26,202212,nat,1.73106,1.87057,32433,1873589,3531
2022-04-02,202213,nat,1.85385,1.97612,34811,1877763,3518
2022-04-09,202214,nat,1.99356,2.07126,38128,1912563,3526
2022-04-16,202215,nat,2.12932,2.16302,40953,1923288,3518
2022-04-23,202216,nat,2.1826,2.20418,42072,1927606,3530
2022-04-30,202217,nat,2.21199,2.24681,44980,2033467,3520
2022-05-07,202218,nat,2.41398,2.3613,47787,1979594,3442
2022-05-14,202219,nat,2.58986,2.48314,53380,2061117,3465
2022-05-21,202220,nat,2.60388,2.45354,54062,2076213,3449
2022-05-28,202221,nat,2.64837,2.39624,53992,2038685,3409
2022-06-04,202222,nat,2.6443,2.4335,51879,1961919,3381
2022-06-11,202223,nat,2.29319,2.16334,45240,1972798,3373
2022-06-18,202224,nat,2.07391,1.98842,40250,1940774,3335
2022-06-25,202225,nat,1.91799,1.87678,37830,1972377,3387
2022-07-02,202226,nat,1.80161,1.80274,34570,1918841,3267
2022-07-09,202227,nat,1.79341,1.81978,34995,1951308,3379
2022-07-16,202228,nat,1.66862,1.67886,33011,1978336,3346
2022-07-23,202229,nat,1.64675,1.65939,32613,1980449,3348
2022-07-30,202230,nat,1.64792,1.67083,32040,1944269,3323
2022-08-06,202231,nat,1.51365,1.52259,29647,1958644,3346
2022-08-13,202232,nat,1.51374,1.50755,28923,1910699,3285
2022-08-20,202233,nat,1.6191,1.60507,31572,1949974,3329
2022-08-27,202234,nat,1.80999,1.83793,35788,1977251,3318
2022-09-03,202235,nat,1.89497,1.96433,37529,1980457,3299
2022-09-10,202236,nat,1.94821,2.02422,38334,1967653,3324
2022-09-17,202237,nat,1.9706,2.0351,39760,2017659,3350
2022-09-24,202238,nat,2.19756,2.28352,44666,2032523,3361
2022-10-01,202239,nat,2.29168,2.36029,46154,2013977,3383
2022-10-08,202240,nat,2.59379,2.61257,57318,2209814,3684
2022-10-15,202241,nat,2.85133,3.00763,63388,2223106,3720
2022-10-22,202242,nat,3.31688,3.31975,75615,2279700,3726
2022-10-29,202243,nat,4.4466,4.3682,109496,2462467,3788
2022-11-05,202244,nat,5.54702,5.42144,139247,2510305,3776
2022-11-12,202245,nat,5.67263,5.73522,140055,2468962,3793
2022-11-19,202246,nat,5.73531,5.91793,137419,2396019,3777
2022-11-26,202247,nat,7.37142,7.42531,164936,2237505,3765
2022-12-03,202248,nat,7.24012,7.21822,185673,2564503,3767
2022-12-10,202249,nat,6.82928,6.87034,167248,2448985,3750
2022-12-17,202250,nat,6.46231,6.29772,151672,2347026,3751
2022-12-24,202251,nat,6.1412,6.00293,129978,2116491,3715
2022-12-31,202252,nat,5.46656,5.33838,112531,2058533,3703
2023-01-07,202301,nat,4.07732,3.93482,92034,2257219,3740
2023-01-14,202302,nat,3.05773,2.94553,67720,2214718,3737
2023-01-21,202303,nat,2.70671,2.63811,57770,2134322,3730
2023-01-28,202304,nat,2.67225,2.62522,58231,2179097,3716
2023-02-04,202305,nat,2.68591,2.58477,59326,2208786,3734
2023-02-11,202306,nat,2.70465,2.59148,62258,2301891,3735
2023-02-18,202307,nat,2.6371,2.5701,59665,2262519,3695
2023-02-25,202308,nat,2.58651,2.52707,57223,2212367,3719
2023-03-04,202309,nat,2.44348,2.40469,55682,2278801,3725
2023-03-11,202310,nat,2.40445,2.3571,54686,2274369,3722
2023-03-18,202311,nat,2.43524,2.3545,54263,2228243,3713
2023-03-25,202312,nat,2.41343,2.31096,55394,2295244,3665
2023-04-01,202313,nat,2.34891,2.25771,53342,2270922,3688
2023-04-08,202314,nat,2.20628,2.12953,48355,2191695,3680
2023-04-15,202315,nat,2.0726,2.01047,46725,2254413,3665
2023-04-22,202316,nat,1.95437,1.90776,44507,2277306,3680
2023-04-29,202317,nat,1.97315,1.90393,44802,2270577,3677
2023-05-06,202318,nat,2.0174,1.93608,45582,2259439,3652
2023-05-13,202319,nat,1.99349,1.90846,45769,2295923,3654
2023-05-20,202320,nat,1.96616,1.88236,43287,2201602,3653
2023-05-27,202321,nat,1.91398,1.83328,41516,2169098,3518
2023-06-03,202322,nat,1.93826,1.83857,41589,2145684,3601
2023-06-10,202323,nat,1.69283,1.57748,36939,2182091,3583
2023-06-17,202324,nat,1.57462,1.48614,33880,2151633,3589
2023-06-24,202325,nat,1.44401,1.36472,30889,2139112,3582
2023-07-01,202326,nat,1.32385,1.27095,28486,2151758,3539
2023-07-08,202327,nat,1.29091,1.22553,26648,2064286,3569
2023-07-15,202328,nat,1.20177,1.15793,25903,2155400,3542
2023-07-22,202329,nat,1.19268,1.12685,25802,2163359,3560
2023-07-29,202330,nat,1.23085,1.16805,26417,2146245,3551
2023-08-05,202331,nat,1.26099,1.20299,26896,2132922,3542
2023-08-12,202332,nat,1.35931,1.27357,29313,2156467,3521
2023-08-19,202333,nat,1.53965,1.44821,33663,2186399,3533
2023-08-26,202334,nat,1.8262,1.70391,40979,2243946,3524
2023-09-02,202335,nat,1.97735,1.93305,44411,2245988,3537
2023-09-09,202336,nat,2.0246,2.00204,44734,2209523,3538
2023-09-16,202337,nat,1.99147,1.94047,45287,2274050,3558
2023-09-23,202338,nat,2.13438,2.03761,48265,2261308,3558
2023-09-30,202339,nat,2.17945,2.08992,49269,2260617,3552
2023-10-07,202340,nat,2.26141,2.27908,56309,2489991,4103
2023-10-14,202341,nat,2.31454,2.33755,57503,2484429,4124
2023-10-21,202342,nat,2.51633,2.52242,62457,2482069,4105
2023-10-28,202343,nat,2.68605,2.71275,67774,2523186,4135
2023-11-04,202344,nat,2.91431,2.94538,72208,2477704,4126
2023-11-11,202345,nat,3.32818,3.40957,85458,2567706,4122
2023-11-18,202346,nat,3.5748,3.6903,90973,2544844,4129
2023-11-25,202347,nat,3.79115,3.92958,85522,2255831,4141
2023-12-02,202348,nat,3.96202,4.03334,103664,2616442,4111
2023-12-09,202349,nat,4.35865,4.38382,114169,2619366,4073
2023-12-16,202350,nat,5.21105,5.18426,136079,2611355,4093
2023-12-23,202351,nat,6.31482,6.23157,163310,2586137,4062
2023-12-30,202352,nat,6.90944,6.7962,166197,2405363,4043
2024-01-06,202401,nat,5.76408,5.71536,143950,2497365,4078
2024-01-13,202402,nat,4.7532,4.66576,118061,2483819,4064
2024-01-20,202403,nat,4.35295,4.32446,100111,2299842,4084
2024-01-27,202404,nat,4.22481,4.22972,105578,2498999,4110
2024-02-03,202405,nat,4.27996,4.42065,107946,2522125,4093
2024-02-10,202406,nat,4.40158,4.45705,112984,2566895,4095
2024-02-17,202407,nat,4.33696,4.35511,108413,2499747,4088
2024-02-24,202408,nat,4.32386,4.33545,107398,2483847,4073
2024-03-02,202409,nat,4.09674,4.0587,104700,2555691,4058
2024-03-09,202410,nat,3.74694,3.72797,94776,2529424,4077
2024-03-16,202411,nat,3.40146,3.39722,84989,2498605,4022
2024-03-23,202412,nat,3.15473,3.08528,78492,2488074,4069
2024-03-30,202413,nat,3.03883,2.97703,73783,2428005,4060
2024-04-06,202414,nat,2.83202,2.76586,68552,2420608,4049
2024-04-13,202415,nat,2.59248,2.53824,64523,2488849,4064
2024-04-20,202416,nat,2.29479,2.24747,57547,2507721,4046
2024-04-27,202417,nat,2.24787,2.19144,55418,2465351,4020
2024-05-04,202418,nat,2.14622,2.09931,53521,2493729,3976
2024-05-11,202419,nat,2.04206,2.00488,50413,2468736,4018
2024-05-18,202420,nat,2.03606,1.97657,49410,2426743,3967
2024-05-25,202421,nat,1.95861,1.90707,47573,2428922,3921
2024-06-01,202422,nat,1.92202,1.87651,44745,2328017,3907
2024-06-08,202423,nat,1.72659,1.66065,41225,2387650,3886
2024-06-15,202424,nat,1.60594,1.58178,37749,2350585,3883
2024-06-22,202425,nat,1.54276,1.49244,35810,2321170,3881
2024-06-29,202426,nat,1.49763,1.4663,35224,2351985,3823
2024-07-06,202427,nat,1.44721,1.37639,32130,2220134,3865
2024-07-13,202428,nat,1.44812,1.45548,35017,2418108,3852
2024-07-20,202429,nat,1.43633,1.45233,33357,2322374,3798
2024-07-27,202430,nat,1.50432,1.52211,34816,2314401,3879
2024-08-03,202431,nat,1.4951,1.53543,35019,2342255,3889
2024-08-10,202432,nat,1.50508,1.53984,35085,2331105,3878
2024-08-17,202433,nat,1.56538,1.56577,37049,2366776,3888
2024-08-24,202434,nat,1.76294,1.76988,41839,2373251,3890
2024-08-31,202435,nat,1.88944,1.93414,45676,2417432,3890
2024-09-07,202436,nat,1.90808,1.9202,44740,2344763,3898
2024-09-14,202437,nat,1.90654,1.95528,46654,2447051,3844
2024-09-21,202438,nat,1.94807,1.95303,48504,2489845,3902
2024-09-28,202439,nat,1.93698,1.93495,46846,2418511,3877
2024-10-05,202440,nat,1.8485,1.90509,49676,2687374,4253
2024-10-12,202441,nat,1.94416,2.02014,51656,2656989,4271
2024-10-19,202442,nat,2.00964,2.07037,53461,2660225,4267
2024-10-26,202443,nat,2.15518,2.22044,59814,2775354,4269
2024-11-02,202444,nat,2.23339,2.31725,61076,2734678,4211
2024-11-09,202445,nat,2.38624,2.4719,65983,2765142,4258
2024-11-16,202446,nat,2.57543,2.6917,69293,2690545,4273
2024-11-23,202447,nat,2.78848,2.88949,75862,2720548,4237
2024-11-30,202448,nat,3.12363,3.18283,73943,2367211,4252
2024-12-07,202449,nat,3.24407,3.318,87437,2695286,4252
2024-12-14,202450,nat,3.6863,3.78793,100758,2733307,4251
2024-12-21,202451,nat,4.80631,4.94489,133012,2767445,4221
2024-12-28,202452,nat,6.66381,6.74349,167411,2512241,4217
2025-01-04,202501,nat,6.16668,6.25398,164458,2666881,4247
2025-01-11,202502,nat,5.29401,5.30512,139494,2634939,4243
2025-01-18,202503,nat,5.69117,5.74558,156729,2753898,4258
2025-01-25,202504,nat,6.85658,6.98693,179704,2620898,4263
2025-02-01,202505,nat,7.42518,7.79898,214625,2890504,4261
2025-02-08,202506,nat,7.70557,7.84378,222652,2889494,4250
2025-02-15,202507,nat,7.05953,6.93692,192807,2731160,4258
2025-02-22,202508,nat,6.01799,5.90072,156808,2605653,4245
2025-03-01,202509,nat,4.83865,4.87406,133099,2750746,4242
2025-03-08,202510,nat,4.26517,4.26679,114116,2675535,4237
2025-03-15,202511,nat,3.86406,3.81006,103496,2678425,4218
2025-03-22,202512,nat,3.30602,3.25232,87568,2648741,4204
2025-03-29,202513,nat,2.95371,2.89999,77150,2611965,4214
2025-04-05,202514,nat,2.59783,2.56142,66660,2565984,4199
2025-04-12,202515,nat,2.3754,2.41066,61066,2570768,4212
2025-04-19,202516,nat,2.21114,2.26966,56759,2566953,4201
2025-04-26,202517,nat,2.09482,2.16654,54691,2610776,4195
2025-05-03,202518,nat,1.94585,1.99958,50062,2572762,4142
2025-05-10,202519,nat,1.83422,1.89657,47467,2587864,4167
2025-05-17,202520,nat,1.79243,1.86402,46500,2594238,4153
2025-05-24,202521,nat,1.75584,1.8161,44991,2562363,4126
2025-05-31,202522,nat,1.76659,1.82615,43368,2454893,4131
2025-06-07,202523,nat,1.56093,1.6042,39019,2499733,4005
2025-06-14,202524,nat,1.38411,1.4049,34363,2482683,4111
2025-06-21,202525,nat,1.28407,1.31999,31433,2447914,4105
2025-06-28,202526,nat,1.16319,1.17989,28825,2478105,4097
2025-07-05,202527,nat,1.08705,1.108,25535,2349012,4093
2025-07-12,202528,nat,1.05602,1.15638,26359,2496062,4049
2025-07-19,202529,nat,1.01061,1.05736,24765,2450508,4046
2025-07-26,202530,nat,1.00323,1.03242,25096,2501517,4068
2025-08-02,202531,nat,1.02067,1.05832,25181,2467098,4006
2025-08-09,202532,nat,1.10207,1.14965,27257,2473257,4075
2025-08-16,202533,nat,1.15642,1.21395,29175,2522881,4003
2025-08-23,202534,nat,1.41647,1.45765,35042,2473905,4051
2025-08-30,202535,nat,1.6592,1.79113,41515,2502107,3987
2025-09-06,202536,nat,1.69183,1.80315,42038,2484768,4054
2025-09-13,202537,nat,1.65887,1.75434,42083,2536855,4012
2025-09-20,202538,nat,1.62581,1.72128,41955,2580563,4053
2025-09-27,202539,nat,1.55805,1.68219,39771,2552619,4032
2025-10-04,202540,nat,1.55382,1.61436,41531,2672834,4324
2025-10-11,202541,nat,1.58014,1.63874,41509,2626922,4337
2025-10-18,202542,nat,1.61942,1.70106,41966,2591418,4336
2025-10-25,202543,nat,1.68654,1.74217,44217,2621762,4342
2025-11-01,202544,nat,1.78931,1.82844,45671,2552431,4340
2025-11-08,202545,nat,2.06886,2.12441,54426,2630728,4353
2025-11-15,202546,nat,2.18377,2.26611,56891,2605168,4348
2025-11-22,202547,nat,2.48497,2.52899,66238,2665548,4370
2025-11-29,202548,nat,3.05774,2.96861,70428,2303270,4341
2025-12-06,202549,nat,3.30581,3.29065,87202,2637838,4338
2025-12-13,202550,nat,4.27722,4.12567,114193,2669796,4359
2025-12-20,202551,nat,6.21522,6.00861,171699,2762555,4336
2025-12-27,202552,nat,8.48349,8.28045,215461,2539768,4314
2026-01-03,202553,nat,7.25206,7.16828,187814,2589803,4300
2026-01-10,202601,nat,5.21759,5.29458,146982,2817047,4333
2026-01-17,202602,nat,4.31015,4.38115,114940,2666731,4322
2026-01-24,202603,nat,4.37583,4.72939,109858,2510564,4311
2026-01-31,202604,nat,4.27285,4.42327,103409,2420140,4326
2026-02-07,202605,nat,4.2507,4.60901,110650,2603100,4302
2026-02-14,202606,nat,4.38718,4.56953,118019,2690085,4314
2026-02-21,202607,nat,4.27605,4.41862,113457,2653315,4327
2026-02-28,202608,nat,3.76739,3.87331,100101,2657041,4328
2026-03-07,202609,nat,3.61039,3.70278,98367,2724550,4328
2026-03-14,202610,nat,3.24055,3.27229,87642,2704543,4298
2026-03-21,202611,nat,2.85991,2.89909,74736,2613228,4307
2026-03-28,202612,nat,2.64492,2.65501,70318,2658610,4292
2026-04-04,202613,nat,2.37503,2.36749,60926,2565273,4189
2026-04-11,202614,nat,2.06374,2.08649,52876,2562150,4170
2026-04-18,202615,nat,1.8568,1.8769,49606,2671588,4270
2026-04-25,202616,nat,1.77419,1.81466,46721,2633371,4239
2026-05-02,202617,nat,1.72084,1.75442,44512,2586647,4149
